<?xml version="1.0" encoding="UTF-8" standalone="yes"?>
<addon id="service.subtitles.subclub"
       name="Subclub.eu"
       version="0.0.9"
       provider-name="Ken Kauksi">
  <requires>
    <import addon="xbmc.python" version="3.0.0"/>
  </requires>
  <extension point="xbmc.subtitle.module"
             library="service.py" />
  <extension point="xbmc.addon.metadata">
    <summary lang="en">Subclub.eu</summary>
    <description lang="en">Otsi ja laadi alla subtiitreid SubClub.eu leheküljelt</description>
    <disclaimer lang="en"></disclaimer>
    <language>et</language>
    <platform>all</platform>
    <license>GNU GENERAL PUBLIC LICENSE. Version 2, June 1991</license>
    <forum>http://forum.xbmc.org/forumdisplay.php?fid=143</forum>
    <website></website>
    <email></email>
    <source>https://github.com/Sylchi/xbmc-repo</source>
  </extension>
</addon>